id;nom;prenom;fonction;tel;fax;mobile;signature;signature_content_type;cachet;cachet_content_type
1;green Personal Loan Account Buckinghamshire;Sausages generating;Bolivar Fuerte solution-oriented Colombian Peso Unidad de Valor Real;Implementation Bedfordshire collaboration;payment Electronics;Intelligent Cotton Pants back up;../fake-data/blob/hipster.png;image/png;../fake-data/blob/hipster.png;image/png
2;Home Loan Account Automotive interface;open architecture auxiliary Avon;Unbranded sensor withdrawal;bypass users;Tasty Gabon Persistent;leverage Metrics;../fake-data/blob/hipster.png;image/png;../fake-data/blob/hipster.png;image/png
3;card Zimbabwe Dollar incubate;compress;Mountain;Cotton user-centric;Personal Loan Account systems Outdoors;bandwidth violet;../fake-data/blob/hipster.png;image/png;../fake-data/blob/hipster.png;image/png
4;multimedia;Generic Cotton Ball auxiliary;Planner;Lead bluetooth plum;regional;Guinea convergence withdrawal;../fake-data/blob/hipster.png;image/png;../fake-data/blob/hipster.png;image/png
5;Qatar Sleek Curve;Investment Account;program parse Refined;violet driver Cambridgeshire;action-items;Generic;../fake-data/blob/hipster.png;image/png;../fake-data/blob/hipster.png;image/png
6;transmitter;killer;neutral;French Southern Territories;sensor;Mountain Mouse Cameroon;../fake-data/blob/hipster.png;image/png;../fake-data/blob/hipster.png;image/png
7;vortals payment Rest;Investor;Cambridgeshire calculate;quantify;Handmade ROI;multimedia non-volatile;../fake-data/blob/hipster.png;image/png;../fake-data/blob/hipster.png;image/png
8;Cuba Creative Club;Specialist;Markets Awesome;withdrawal;copying Division;Mouse;../fake-data/blob/hipster.png;image/png;../fake-data/blob/hipster.png;image/png
9;pixel Hills;value-added;deposit architecture;Soap Bangladesh Personal Loan Account;interfaces Colorado Prairie;matrix Shirt;../fake-data/blob/hipster.png;image/png;../fake-data/blob/hipster.png;image/png
10;process improvement Car 24/7;mesh Pants COM;overriding;Bedfordshire;leading-edge digital Manager;Oregon;../fake-data/blob/hipster.png;image/png;../fake-data/blob/hipster.png;image/png
