id;nom;prenom;email;tel;fax;mobile
1;Investment Account Brand;Senior Prairie haptic;Bret.Bashirian50@gmail.com;PNG;Refined Rubber Chair synthesizing;definition Pizza
2;Customer;matrix impactful;Cydney.Hahn11@gmail.com;turn-key Connecticut;transform magnetic dedicated;Ameliorated sensor
3;deposit;solutions Wooden;Evan_Fritsch24@hotmail.com;Generic calculating primary;Fresh;Bahraini Dinar Face to face Garden
4;Plaza payment Product;primary card Dynamic;Edison_Lind@yahoo.com;violet deposit Customer;Buckinghamshire multi-state;Plastic
5;Specialist Anguilla ivory;Director quantifying Sharable;Angeline42@hotmail.com;Armenian Dram front-end;Jewelery wireless;JSON gold
6;recontextualize asynchronous;gold;Jadon_Bartell@hotmail.com;Wooden SQL;Developer Handmade;impactful
7;Group RAM;Platinum Utah Savings Account;Ryder47@yahoo.com;Vatu open-source;New Taiwan Dollar;Utah
8;card Incredible Steel Pizza tangible;architectures Human;Rudy81@hotmail.com;Soft;invoice monitor hard drive;Bhutan
9;overriding Table;panel encompassing SMS;Darlene_Oberbrunner@hotmail.com;Chile Borders Intelligent;invoice Future Program;Unbranded Fresh Computer
10;Estonia;Ergonomic SDD;Monte_Murray0@yahoo.com;Liechtenstein evolve Dynamic;frame withdrawal Coordinator;Timor-Leste niches
